,Positive,Negative,Neutral
I'm not satisfied with the quality of the treats.,,*,
My dog didn't enjoy the treats I bought.,,*,
I'm disappointed with the variety of treats.,,*,
Your treats are a bit expensive.,,*,
The treats are a bit too hard for my senior dog.,,*,
Your treats are a bit too soft for my liking.,,*,
The treats were a bit stale.,,*,
Your treats are a bit crumbly.,,*,
What flavors of dog treats do you have available?,,,*
Are your treats suitable for sensitive stomachs?,,,*
Can you recommend treats for small breeds?,,,*
Are there any discounts on bulk orders of treats?,,,*
Tell me more about the ingredients in your treats.,,,*
Are there grain-free options available?,,,*
Do you offer free samples of your treats?,,,*
How can I track my order of dog treats?,,,*
My dog has allergies; do you have hypoallergenic treats?,,,*
Can I find your treats in local pet stores?,,,*
What's the shelf life of your dog treats?,,,*
My dog's birthday is coming up; any special treats?,,,*
Is there a loyalty program for regular treat buyers?,,,*
How can I become a wholesale distributor of your treats?,,,*
Can you share some customer testimonials about the treats?,,,*
Are there seasonal flavors for the dog treats?,,,*
What's the return policy for your treats?,,,*
How can I contact customer support regarding my treats?,,,*
Can you provide nutritional information for the treats?,,,*
Are there any promotions on your treats this month?,,,*
What's the recommended daily serving of your treats?,,,*
Can you share some tips for storing the treats properly?,,,*
Do you offer gift packaging for your dog treats?,,,*
Are there any new flavors in your dog treat collection?,,,*
Can you provide information on the manufacturing process of your treats?,,,*
How are your dog treats packaged for freshness during delivery?,,,*
Can you recommend treats suitable for dogs with specific dietary restrictions?,,,*
What's the availability of organic options in your dog treat range?,,,*
Do you have a newsletter to receive updates on new treat releases and promotions?,,,*
Can you guide me on the proper storage of treats to maintain their quality over time?,,,*
My dog loves your treats!,*,,
The packaging of your treats is adorable!,*,,
The pricing of your treats is reasonable.,*,,
The treats arrived in perfect condition!,*,,
Your treats are a hit in our household!,*,,
The treats were a big hit at the dog park!,*,,
Your treats are a staple in our monthly pet budget.,*,,
The treats have a pleasant aroma!,*,,
Your treats have improved my dog's coat condition!,*,,
Your treats are the highlight of our training sessions!,*,,
My dog is a fan of the peanut butter-flavored treats!,*,,
The treats are a lifesaver during obedience training!,*,,
